Albino Dwarf Bulborb, https://www.pikminwiki.com/Albino_Dwarf_Bulborb
Ancient Sirehound, https://www.pikminwiki.com/Ancient_Sirehound
Anode Beetle, https://www.pikminwiki.com/Anode_Beetle
Anode Dweevil, https://www.pikminwiki.com/Anode_Dweevil
Antenna Beetle, https://www.pikminwiki.com/Antenna_Beetle
Arachnode, https://www.pikminwiki.com/Arachnode
Arctic Cannon Beetle, https://www.pikminwiki.com/Arctic_Cannon_Beetle
Arctic Cannon Larva, https://www.pikminwiki.com/Arctic_Cannon_Larva
Aristocrab Offspring, https://www.pikminwiki.com/Aristocrab_Offspring
Armored Cannon Beetle, https://www.pikminwiki.com/Armored_Cannon_Beetle
Armored Cannon Larva, https://www.pikminwiki.com/Armored_Cannon_Larva
Armored Mawdad, https://www.pikminwiki.com/Armored_Mawdad
Baldy Long Legs, https://www.pikminwiki.com/Baldy_Long_Legs
Beady Long Legs, https://www.pikminwiki.com/Beady_Long_Legs
Bearded Amprat, https://www.pikminwiki.com/Bearded_Amprat
Blizzarding Blowhog, https://www.pikminwiki.com/Blizzarding_Blowhog
Bloomcap Bloyster, https://www.pikminwiki.com/Bloomcap_Bloyster
Bogswallow, https://www.pikminwiki.com/Bogswallow
Breadbug, https://www.pikminwiki.com/Breadbug
Bug-Eyed Crawmad, https://www.pikminwiki.com/Bug-Eyed_Crawmad
Bulbmin, https://www.pikminwiki.com/Bulbmin
Bulborb Larva, https://www.pikminwiki.com/Bulborb_Larva
Bulborb, https://www.pikminwiki.com/Bulborb
Bumbling Snitchbug, https://www.pikminwiki.com/Bumbling_Snitchbug
Burrowing Snagret, https://www.pikminwiki.com/Burrowing_Snagret
Calcified Crushblat, https://www.pikminwiki.com/Calcified_Crushblat
Careening Dirigibug, https://www.pikminwiki.com/Careening_Dirigibug
Chillyhop, https://www.pikminwiki.com/Chillyhop
Cloaking Burrow-nit, https://www.pikminwiki.com/Cloaking_Burrow-nit
Creeping Chrysanthemum, https://www.pikminwiki.com/Creeping_Chrysanthemum
Crusted Rumpup, https://www.pikminwiki.com/Crusted_Rumpup
Decorated Cannon Beetle, https://www.pikminwiki.com/Decorated_Cannon_Beetle
Desiccated Skitter Leaf, https://www.pikminwiki.com/Desiccated_Skitter_Leaf
Doodlebug, https://www.pikminwiki.com/Doodlebug
Downy Snagret, https://www.pikminwiki.com/Downy_Snagret
Dwarf Bulbear, https://www.pikminwiki.com/Dwarf_Bulbear
Dwarf Bulborb, https://www.pikminwiki.com/Dwarf_Bulborb
Dwarf Frosty Bulborb, https://www.pikminwiki.com/Dwarf_Frosty_Bulborb
Dwarf Orange Bulborb, https://www.pikminwiki.com/Dwarf_Orange_Bulborb
Emperor Bulblax, https://www.pikminwiki.com/Emperor_Bulblax
Empress Bulblax, https://www.pikminwiki.com/Empress_Bulblax
Female Sheargrub, https://www.pikminwiki.com/Female_Sheargrub
Fiery Blowhog, https://www.pikminwiki.com/Fiery_Blowhog
Fiery Bulblax, https://www.pikminwiki.com/Fiery_Bulblax
Fiery Dweevil, https://www.pikminwiki.com/Fiery_Dweevil
Flighty Joustmite, https://www.pikminwiki.com/Flighty_Joustmite
Foolix, https://www.pikminwiki.com/Foolix
Freezecake, https://www.pikminwiki.com/Freezecake
Frosty Bulborb, https://www.pikminwiki.com/Frosty_Bulborb
Gatling Groink, https://www.pikminwiki.com/Gatling_Groink
Giant Breadbug, https://www.pikminwiki.com/Giant_Breadbug
Gildemander, https://www.pikminwiki.com/Gildemander
Gildemandwee, https://www.pikminwiki.com/Gildemandwee
Goolix, https://www.pikminwiki.com/Goolix
Greater Spotted Jellyfloat, https://www.pikminwiki.com/Greater_Spotted_Jellyfloat
Groovy Long Legs, https://www.pikminwiki.com/Groovy_Long_Legs
Grubchucker, https://www.pikminwiki.com/Grubchucker
Hairy Bulborb, https://www.pikminwiki.com/Hairy_Bulborb
Hermit Crawmad, https://www.pikminwiki.com/Hermit_Crawmad
Honeywisp, https://www.pikminwiki.com/Honeywisp
Horned Cannon Beetle, https://www.pikminwiki.com/Horned_Cannon_Beetle
Hydro Dweevil, https://www.pikminwiki.com/Hydro_Dweevil
Iceblown Dweevil, https://www.pikminwiki.com/Iceblown_Dweevil
Icy Blowhog, https://www.pikminwiki.com/Icy_Blowhog
Iridescent Flint Beetle, https://www.pikminwiki.com/Iridescent_Flint_Beetle
Iridescent Glint Beetle, https://www.pikminwiki.com/Iridescent_Glint_Beetle
Joustmite, https://www.pikminwiki.com/Joustmite
Jumbo Bulborb, https://www.pikminwiki.com/Jumbo_Bulborb
Lesser Spotted Jellyfloat, https://www.pikminwiki.com/Lesser_Spotted_Jellyfloat
Male Sheargrub, https://www.pikminwiki.com/Male_Sheargrub
Mama Sheargrub, https://www.pikminwiki.com/Mama_Sheargrub
Mammoth Snootwhacker, https://www.pikminwiki.com/Mammoth_Snootwhacker
Mamuta, https://www.pikminwiki.com/Mamuta
Man-at-Legs, https://www.pikminwiki.com/Man-at-Legs
Masterhop, https://www.pikminwiki.com/Masterhop
Medusal Slurker, https://www.pikminwiki.com/Medusal_Slurker
Miniature Snootwhacker, https://www.pikminwiki.com/Miniature_Snootwhacker
Mitite, https://www.pikminwiki.com/Mitite
Moldy Dwarf Bulborb, https://www.pikminwiki.com/Moldy_Dwarf_Bulborb
Moldy Slooch, https://www.pikminwiki.com/Moldy_Slooch
Moss, https://www.pikminwiki.com/Moss
Muckerskate, https://www.pikminwiki.com/Muckerskate
Munge Dweevil, https://www.pikminwiki.com/Munge_Dweevil
Mysterious Life-Form, https://www.pikminwiki.com/Mysterious_Life-Form
Nectarous Dandelfly, https://www.pikminwiki.com/Nectarous_Dandelfly
Orange Bulborb, https://www.pikminwiki.com/Orange_Bulborb
Pearly Clamclamp, https://www.pikminwiki.com/Pearly_Clamclamp
Peckish Aristocrab, https://www.pikminwiki.com/Peckish_Aristocrab
Phosbat Pod, https://www.pikminwiki.com/Phosbat_Pod
Phosbat, https://www.pikminwiki.com/Phosbat
Pileated Snagret, https://www.pikminwiki.com/Pileated_Snagret
Plasm Wraith, https://www.pikminwiki.com/Plasm_Wraith
Porquillion, https://www.pikminwiki.com/Porquillion
Pricklepuff, https://www.pikminwiki.com/Pricklepuff
Puckering Blinnow, https://www.pikminwiki.com/Puckering_Blinnow
Puffstool, https://www.pikminwiki.com/Puffstool
Puffy Blowhog, https://www.pikminwiki.com/Puffy_Blowhog
Pyroclasmic Slooch, https://www.pikminwiki.com/Pyroclasmic_Slooch
Quaggled Mireclops, https://www.pikminwiki.com/Quaggled_Mireclops
Raging Long Legs, https://www.pikminwiki.com/Raging_Long_Legs
Ranging Bloyster, https://www.pikminwiki.com/Ranging_Bloyster
Ravenous Whiskerpillar, https://www.pikminwiki.com/Ravenous_Whiskerpillar
Red Spectralids, https://www.pikminwiki.com/Red_Spectralids
Sandbelching Meerslug, https://www.pikminwiki.com/Sandbelching_Meerslug
Scorchcake, https://www.pikminwiki.com/Scorchcake
Scornet Maestro, https://www.pikminwiki.com/Scornet_Maestro
Scornet, https://www.pikminwiki.com/Scornet
Segmented Crawbster, https://www.pikminwiki.com/Segmented_Crawbster
Shaggy Long Legs, https://www.pikminwiki.com/Shaggy_Long_Legs
Shearflea, https://www.pikminwiki.com/Shearflea
Shearwig, https://www.pikminwiki.com/Shearwig
Shockcake, https://www.pikminwiki.com/Shockcake
Skeeterskate, https://www.pikminwiki.com/Skeeterskate
Skitter Leaf, https://www.pikminwiki.com/Skitter_Leaf
Skutterchuck, https://www.pikminwiki.com/Skutterchuck
Smoky Progg, https://www.pikminwiki.com/Smoky_Progg
Snow Bulborb, https://www.pikminwiki.com/Snow_Bulborb
Snowfake Fluttertail, https://www.pikminwiki.com/Snowfake_Fluttertail
Snowy Blowhog, https://www.pikminwiki.com/Snowy_Blowhog
Sovereign Bulblax, https://www.pikminwiki.com/Sovereign_Bulblax
Spotty Bulbear, https://www.pikminwiki.com/Spotty_Bulbear
Sputtlefish, https://www.pikminwiki.com/Sputtlefish
Startle Spore, https://www.pikminwiki.com/Startle_Spore
Sunsquish, https://www.pikminwiki.com/Sunsquish
Swarming Sheargrub, https://www.pikminwiki.com/Swarming_Sheargrub
Swooping Snitchbug, https://www.pikminwiki.com/Swooping_Snitchbug
Titan Blowhog, https://www.pikminwiki.com/Titan_Blowhog
Titan Dweevil, https://www.pikminwiki.com/Titan_Dweevil
Toady Bloyster, https://www.pikminwiki.com/Toady_Bloyster
Toxstool, https://www.pikminwiki.com/Toxstool
Tusked Blowhog, https://www.pikminwiki.com/Tusked_Blowhog
Ujadani, https://www.pikminwiki.com/Ujadani
Unmarked Spectralids, https://www.pikminwiki.com/Unmarked_Spectralids
Vehemoth Phosbat, https://www.pikminwiki.com/Vehemoth_Phosbat
Venom Dweevil, https://www.pikminwiki.com/Venom_Dweevil
Volatile Dweevil, https://www.pikminwiki.com/Volatile_Dweevil
Waddlepus, https://www.pikminwiki.com/Waddlepus
Waddlequaff, https://www.pikminwiki.com/Waddlequaff
Water Dumple, https://www.pikminwiki.com/Water_Dumple
Waterwraith, https://www.pikminwiki.com/Waterwraith
Watery Blowhog, https://www.pikminwiki.com/Watery_Blowhog
Whiptongue Bulborb, https://www.pikminwiki.com/Whiptongue_Bulborb
White Spectralids, https://www.pikminwiki.com/White_Spectralids
Withering Blowhog, https://www.pikminwiki.com/Withering_Blowhog
Wollyhop, https://www.pikminwiki.com/Wollyhop
Wolpole, https://www.pikminwiki.com/Wolpole
Yellow Spectralids, https://www.pikminwiki.com/Yellow_Spectralids
Yellow Wollyhop, https://www.pikminwiki.com/Yellow_Wollyhop
